id;name;last_modified;last_modified_by
1;Accountability Salad;quantify client-driven;Multi-lateral North infomediaries
2;deposit Krone cross-platform;port;harness Illinois
3;Soap auxiliary mindshare;Handcrafted Total;Tasty auxiliary
4;parse;Accounts Fish;Dynamic Concrete synthesize
5;Metal Loan flexibility;cyan;Refined expedite Concrete
6;Lari withdrawal;Research withdrawal Marketing;purple Surinam
7;Triple-buffered architectures Account;scalable;Seychelles Synchronised Central
8;Cambridgeshire Diverse;monitor redundant;Automotive
9;Locks;Reactive;Jewelery
10;parsing;SQL Sausages;granular
